wave,start,end,syll,repertoire_file
012-rouge6_July_01_2014_53188086.wav,1.738,2.896,Z,Z-76646-127714-012-rouge6_July_01_2014_53188086
012-rouge6_July_01_2014_53188086.wav,2.927,3.919,A1,A1-129081-172828-012-rouge6_July_01_2014_53188086
012-rouge6_July_01_2014_53188086.wav,3.957,5.222,B,B-174504-230291-012-rouge6_July_01_2014_53188086
012-rouge6_July_01_2014_53188086.wav,5.323,6.916,S1,S1-234745-304996-012-rouge6_July_01_2014_53188086
012-rouge6_July_01_2014_53188086.wav,6.929545858200001,7.1835458582000005,T,T-305593-316795-012-rouge6_July_01_2014_53188086
