wave,start,end,syll,repertoire_file
025-rouge6_July_01_2014_33524902.wav,2.265,3.052,Z,Z-99887-134594-025-rouge6_July_01_2014_33524902
025-rouge6_July_01_2014_33524902.wav,3.135,4.124,A,A-138254-181869-025-rouge6_July_01_2014_33524902
025-rouge6_July_01_2014_33524902.wav,4.124,5.425,B,B-181869-239243-025-rouge6_July_01_2014_33524902
025-rouge6_July_01_2014_33524902.wav,5.45,6.447,S1,S1-240345-284313-025-rouge6_July_01_2014_33524902
025-rouge6_July_01_2014_33524902.wav,6.447,6.891,St,St-284313-303894-025-rouge6_July_01_2014_33524902
025-rouge6_July_01_2014_33524902.wav,6.8908425329,7.620535802899999,S2,S2-303887-336066-025-rouge6_July_01_2014_33524902
025-rouge6_July_01_2014_33524902.wav,7.627,8.94,Y,Y-336351-394254-025-rouge6_July_01_2014_33524902
025-rouge6_July_01_2014_33524902.wav,8.94,9.283,X,X-394254-409381-025-rouge6_July_01_2014_33524902
