wave,start,end,syll,repertoire_file
026-rouge6_July_01_2014_34153296.wav,0.945,1.751,Z,Z-41675-77220-026-rouge6_July_01_2014_34153296
026-rouge6_July_01_2014_34153296.wav,1.777,2.2652217166,A1,A1-78366-99897-026-rouge6_July_01_2014_34153296
026-rouge6_July_01_2014_34153296.wav,2.2652217166,3.319,A2,A2-99897-146368-026-rouge6_July_01_2014_34153296
026-rouge6_July_01_2014_34153296.wav,3.369,4.918,B,B-148573-216884-026-rouge6_July_01_2014_34153296
026-rouge6_July_01_2014_34153296.wav,4.918,6.8228903838,S1,S1-216884-300890-026-rouge6_July_01_2014_34153296
026-rouge6_July_01_2014_34153296.wav,6.8228903838,7.194710023300001,St,St-300890-317287-026-rouge6_July_01_2014_34153296
026-rouge6_July_01_2014_34153296.wav,7.194710023300001,7.995,S2,S2-317287-352580-026-rouge6_July_01_2014_34153296
026-rouge6_July_01_2014_34153296.wav,7.995,9.708,Y,Y-352580-428123-026-rouge6_July_01_2014_34153296
026-rouge6_July_01_2014_34153296.wav,9.708,10.996160321800001,U,U-428123-484931-026-rouge6_July_01_2014_34153296
