wave,start,end,syll,repertoire_file
031-rouge6_July_01_2014_34297830.wav,2.394,3.3594830089,A1,A1-105576-148154-031-rouge6_July_01_2014_34297830
031-rouge6_July_01_2014_34297830.wav,3.3594830089,4.713,A2,A2-148154-207844-031-rouge6_July_01_2014_34297830
031-rouge6_July_01_2014_34297830.wav,4.733,5.998,B,B-208726-264512-031-rouge6_July_01_2014_34297830
031-rouge6_July_01_2014_34297830.wav,6.025,7.3903673123,S1,S1-265703-325916-031-rouge6_July_01_2014_34297830
031-rouge6_July_01_2014_34297830.wav,7.3903673123,7.916,St2,St2-325916-349096-031-rouge6_July_01_2014_34297830
031-rouge6_July_01_2014_34297830.wav,7.916,9.106,S2,S2-349096-401575-031-rouge6_July_01_2014_34297830
031-rouge6_July_01_2014_34297830.wav,9.106,10.82,Y,Y-401575-477162-031-rouge6_July_01_2014_34297830
031-rouge6_July_01_2014_34297830.wav,10.847,11.84,U,U-478353-522144-031-rouge6_July_01_2014_34297830
