wave,start,end,syll,repertoire_file
047-rouge6_July_01_2014_42000356.wav,1.19,2.364,Z,Z-52479-104253-047-rouge6_July_01_2014_42000356
047-rouge6_July_01_2014_42000356.wav,2.435,3.477,A1,A1-107384-153336-047-rouge6_July_01_2014_42000356
047-rouge6_July_01_2014_42000356.wav,3.4775788595,4.4182598298,B,B-153362-194846-047-rouge6_July_01_2014_42000356
047-rouge6_July_01_2014_42000356.wav,4.454,6.073,S1,S1-196422-267820-047-rouge6_July_01_2014_42000356
047-rouge6_July_01_2014_42000356.wav,6.073,7.153,S2,S2-267820-315448-047-rouge6_July_01_2014_42000356
047-rouge6_July_01_2014_42000356.wav,7.153,8.74,Y,Y-315448-385434-047-rouge6_July_01_2014_42000356
