wave,start,end,syll,repertoire_file
048-rouge6_July_01_2014_42040678.wav,3.414,4.464,Z,Z-150558-196863-048-rouge6_July_01_2014_42040678
048-rouge6_July_01_2014_42040678.wav,4.549,5.3894314727,A1,A1-200611-237674-048-rouge6_July_01_2014_42040678
048-rouge6_July_01_2014_42040678.wav,5.3894314727,6.347,A2,A2-237674-279903-048-rouge6_July_01_2014_42040678
048-rouge6_July_01_2014_42040678.wav,6.373,7.935,B,B-281050-349934-048-rouge6_July_01_2014_42040678
048-rouge6_July_01_2014_42040678.wav,7.953,9.19,S1,S1-350728-405279-048-rouge6_July_01_2014_42040678
048-rouge6_July_01_2014_42040678.wav,9.19,10.392,S2,S2-405279-458288-048-rouge6_July_01_2014_42040678
048-rouge6_July_01_2014_42040678.wav,10.392,12.429,Y,Y-458288-548119-048-rouge6_July_01_2014_42040678
048-rouge6_July_01_2014_42040678.wav,12.458,12.683,U,U-549398-559321-048-rouge6_July_01_2014_42040678
