wave,start,end,syll,repertoire_file
055-rouge6_July_01_2014_42269546.wav,1.427,2.284,Z,Z-62931-100725-055-rouge6_July_01_2014_42269546
055-rouge6_July_01_2014_42269546.wav,2.34,2.7163299819,A1,A1-103194-119791-055-rouge6_July_01_2014_42269546
055-rouge6_July_01_2014_42269546.wav,2.7163299819,3.913,A2,A2-119791-172564-055-rouge6_July_01_2014_42269546
055-rouge6_July_01_2014_42269546.wav,3.913,5.53,B,B-172564-243873-055-rouge6_July_01_2014_42269546
055-rouge6_July_01_2014_42269546.wav,5.53,6.27,C,C-243873-276507-055-rouge6_July_01_2014_42269546
055-rouge6_July_01_2014_42269546.wav,6.388,7.386,T,T-281711-325723-055-rouge6_July_01_2014_42269546
055-rouge6_July_01_2014_42269546.wav,7.454,8.521,A2,A2-328722-375777-055-rouge6_July_01_2014_42269546
