wave,start,end,syll,repertoire_file
058-rouge6_July_01_2014_42402946.wav,1.015,1.891,Z,Z-44762-83394-058-rouge6_July_01_2014_42402946
058-rouge6_July_01_2014_42402946.wav,1.929,2.9060827625,T,T-85069-128159-058-rouge6_July_01_2014_42402946
058-rouge6_July_01_2014_42402946.wav,2.919,3.966,A2,A2-128728-174901-058-rouge6_July_01_2014_42402946
058-rouge6_July_01_2014_42402946.wav,3.978,5.425,B,B-175430-239243-058-rouge6_July_01_2014_42402946
058-rouge6_July_01_2014_42402946.wav,5.45,6.472,S1,S1-240345-285416-058-rouge6_July_01_2014_42402946
058-rouge6_July_01_2014_42402946.wav,6.472,7.7664744569,S2,S2-285416-342502-058-rouge6_July_01_2014_42402946
058-rouge6_July_01_2014_42402946.wav,7.784,9.162,Y,Y-343275-404045-058-rouge6_July_01_2014_42402946
058-rouge6_July_01_2014_42402946.wav,9.188,9.435,U,U-405191-416084-058-rouge6_July_01_2014_42402946
