wave,start,end,syll,repertoire_file
062-rouge6_July_01_2014_42607623.wav,1.891,2.513,Ti,Ti-83394-110824-062-rouge6_July_01_2014_42607623
062-rouge6_July_01_2014_42607623.wav,2.849,4.169,A1,A1-125641-183853-062-rouge6_July_01_2014_42607623
062-rouge6_July_01_2014_42607623.wav,4.169,5.4758721048000005,B,B-183853-241486-062-rouge6_July_01_2014_42607623
062-rouge6_July_01_2014_42607623.wav,5.496,7.055,S1,S1-242374-311126-062-rouge6_July_01_2014_42607623
062-rouge6_July_01_2014_42607623.wav,7.132,7.784,T,T-314522-343275-062-rouge6_July_01_2014_42607623
062-rouge6_July_01_2014_42607623.wav,7.784,8.496,A2,A2-343275-374674-062-rouge6_July_01_2014_42607623
062-rouge6_July_01_2014_42607623.wav,8.521,9.727,P1,P1-375777-428961-062-rouge6_July_01_2014_42607623
062-rouge6_July_01_2014_42607623.wav,9.7294123606,9.8794123606,E1,E1-429068-435683-062-rouge6_July_01_2014_42607623
062-rouge6_July_01_2014_42607623.wav,9.896,10.0,TRASH,TRASH-436414-441000-062-rouge6_July_01_2014_42607623
